File Name,Address,Price,Bedrooms,Bathrooms,Square Footage,URL
pretty_page_4.html,"1092 Lenox Rd APT 2R, Brooklyn, NY 11212","$2,800/mo","$2,300+1",[],[],https://www.zillow.com/homedetails/1092-Lenox-Rd-APT-2R-Brooklyn-NY-11212/339907288_zpid/
pretty_page_4.html,"1092 Lenox Rd APT 2R, Brooklyn, NY 11212","$2,800/mo","$2,756+2 s",[],[],https://www.zillow.com/homedetails/1092-Lenox-Rd-APT-2R-Brooklyn-NY-11212/339907288_zpid/
pretty_page_4.html,"1092 Lenox Rd APT 2R, Brooklyn, NY 11212","$2,800/mo",3s,[],[],https://www.zillow.com/homedetails/1092-Lenox-Rd-APT-2R-Brooklyn-NY-11212/339907288_zpid/
pretty_page_4.html,"1092 Lenox Rd APT 2R, Brooklyn, NY 11212","$2,800/mo",3s,1,[],https://www.zillow.com/homedetails/1092-Lenox-Rd-APT-2R-Brooklyn-NY-11212/339907288_zpid/
pretty_page_4.html,"1092 Lenox Rd APT 2R, Brooklyn, NY 11212","$2,800/mo",3s,1,"1,000",https://www.zillow.com/homedetails/1092-Lenox-Rd-APT-2R-Brooklyn-NY-11212/339907288_zpid/
pretty_page_4.html,"1092 Lenox Rd APT 2R, Brooklyn, NY 11212","$2,800/mo",1,[],[],https://www.zillow.com/homedetails/1092-Lenox-Rd-APT-2R-Brooklyn-NY-11212/339907288_zpid/
pretty_page_4.html,"1092 Lenox Rd APT 2R, Brooklyn, NY 11212","$2,800/mo",1,1.5,[],https://www.zillow.com/homedetails/1092-Lenox-Rd-APT-2R-Brooklyn-NY-11212/339907288_zpid/
pretty_page_4.html,"1092 Lenox Rd APT 2R, Brooklyn, NY 11212","$2,800/mo",1,1.5,--,https://www.zillow.com/homedetails/1092-Lenox-Rd-APT-2R-Brooklyn-NY-11212/339907288_zpid/
pretty_page_4.html,"1092 Lenox Rd APT 2R, Brooklyn, NY 11212","$2,800/mo",2s,[],[],https://www.zillow.com/homedetails/1092-Lenox-Rd-APT-2R-Brooklyn-NY-11212/339907288_zpid/
pretty_page_4.html,"1092 Lenox Rd APT 2R, Brooklyn, NY 11212","$2,800/mo",2s,1,[],https://www.zillow.com/homedetails/1092-Lenox-Rd-APT-2R-Brooklyn-NY-11212/339907288_zpid/
pretty_page_4.html,"1092 Lenox Rd APT 2R, Brooklyn, NY 11212","$2,800/mo",2s,1,--,https://www.zillow.com/homedetails/1092-Lenox-Rd-APT-2R-Brooklyn-NY-11212/339907288_zpid/
pretty_page_4.html,"1092 Lenox Rd APT 2R, Brooklyn, NY 11212","$2,800/mo",[],[],[],https://www.zillow.com/homedetails/1092-Lenox-Rd-APT-2R-Brooklyn-NY-11212/339907288_zpid/
pretty_page_4.html,"1092 Lenox Rd APT 2R, Brooklyn, NY 11212","$2,800/mo",[],1,[],https://www.zillow.com/homedetails/1092-Lenox-Rd-APT-2R-Brooklyn-NY-11212/339907288_zpid/
pretty_page_4.html,"1092 Lenox Rd APT 2R, Brooklyn, NY 11212","$2,800/mo",[],1,--,https://www.zillow.com/homedetails/1092-Lenox-Rd-APT-2R-Brooklyn-NY-11212/339907288_zpid/
pretty_page_4.html,"1092 Lenox Rd APT 2R, Brooklyn, NY 11212","$2,800/mo",1,[],[],https://www.zillow.com/homedetails/1092-Lenox-Rd-APT-2R-Brooklyn-NY-11212/339907288_zpid/
pretty_page_4.html,"1092 Lenox Rd APT 2R, Brooklyn, NY 11212","$2,800/mo",1,1,[],https://www.zillow.com/homedetails/1092-Lenox-Rd-APT-2R-Brooklyn-NY-11212/339907288_zpid/
pretty_page_4.html,"1092 Lenox Rd APT 2R, Brooklyn, NY 11212","$2,800/mo",1,1,--,https://www.zillow.com/homedetails/1092-Lenox-Rd-APT-2R-Brooklyn-NY-11212/339907288_zpid/
pretty_page_4.html,"1092 Lenox Rd APT 2R, Brooklyn, NY 11212","$2,800/mo",2s,[],[],https://www.zillow.com/homedetails/1092-Lenox-Rd-APT-2R-Brooklyn-NY-11212/339907288_zpid/
pretty_page_4.html,"1092 Lenox Rd APT 2R, Brooklyn, NY 11212","$2,800/mo",2s,1,[],https://www.zillow.com/homedetails/1092-Lenox-Rd-APT-2R-Brooklyn-NY-11212/339907288_zpid/
pretty_page_4.html,"1092 Lenox Rd APT 2R, Brooklyn, NY 11212","$2,800/mo",2s,1,700,https://www.zillow.com/homedetails/1092-Lenox-Rd-APT-2R-Brooklyn-NY-11212/339907288_zpid/
pretty_page_4.html,"1092 Lenox Rd APT 2R, Brooklyn, NY 11212","$2,800/mo",4s,[],[],https://www.zillow.com/homedetails/1092-Lenox-Rd-APT-2R-Brooklyn-NY-11212/339907288_zpid/
pretty_page_4.html,"1092 Lenox Rd APT 2R, Brooklyn, NY 11212","$2,800/mo",4s,2,[],https://www.zillow.com/homedetails/1092-Lenox-Rd-APT-2R-Brooklyn-NY-11212/339907288_zpid/
pretty_page_4.html,"1092 Lenox Rd APT 2R, Brooklyn, NY 11212","$2,800/mo",4s,2,--,https://www.zillow.com/homedetails/1092-Lenox-Rd-APT-2R-Brooklyn-NY-11212/339907288_zpid/
pretty_page_4.html,"1092 Lenox Rd APT 2R, Brooklyn, NY 11212","$2,800/mo",3s,[],[],https://www.zillow.com/homedetails/1092-Lenox-Rd-APT-2R-Brooklyn-NY-11212/339907288_zpid/
pretty_page_4.html,"1092 Lenox Rd APT 2R, Brooklyn, NY 11212","$2,800/mo",3s,1,[],https://www.zillow.com/homedetails/1092-Lenox-Rd-APT-2R-Brooklyn-NY-11212/339907288_zpid/
pretty_page_4.html,"1092 Lenox Rd APT 2R, Brooklyn, NY 11212","$2,800/mo",3s,1,--,https://www.zillow.com/homedetails/1092-Lenox-Rd-APT-2R-Brooklyn-NY-11212/339907288_zpid/
pretty_page_18.html,"313 E 60th St APT 2C, New York, NY 10022","$2,500/mo",4s,[],[],https://www.zillow.com/homedetails/313-E-60th-St-APT-2C-New-York-NY-10022/2110559064_zpid/
pretty_page_18.html,"313 E 60th St APT 2C, New York, NY 10022","$2,500/mo",4s,2,[],https://www.zillow.com/homedetails/313-E-60th-St-APT-2C-New-York-NY-10022/2110559064_zpid/
pretty_page_18.html,"313 E 60th St APT 2C, New York, NY 10022","$2,500/mo",4s,2,--,https://www.zillow.com/homedetails/313-E-60th-St-APT-2C-New-York-NY-10022/2110559064_zpid/
pretty_page_18.html,"313 E 60th St APT 2C, New York, NY 10022","$2,500/mo","$6,233+2 s",[],[],https://www.zillow.com/homedetails/313-E-60th-St-APT-2C-New-York-NY-10022/2110559064_zpid/
pretty_page_18.html,"313 E 60th St APT 2C, New York, NY 10022","$2,500/mo","$4,595+1",[],[],https://www.zillow.com/homedetails/313-E-60th-St-APT-2C-New-York-NY-10022/2110559064_zpid/
pretty_page_18.html,"313 E 60th St APT 2C, New York, NY 10022","$2,500/mo","$6,795+2 s",[],[],https://www.zillow.com/homedetails/313-E-60th-St-APT-2C-New-York-NY-10022/2110559064_zpid/
pretty_page_18.html,"313 E 60th St APT 2C, New York, NY 10022","$2,500/mo",2s,[],[],https://www.zillow.com/homedetails/313-E-60th-St-APT-2C-New-York-NY-10022/2110559064_zpid/
pretty_page_18.html,"313 E 60th St APT 2C, New York, NY 10022","$2,500/mo",2s,2,[],https://www.zillow.com/homedetails/313-E-60th-St-APT-2C-New-York-NY-10022/2110559064_zpid/
pretty_page_18.html,"313 E 60th St APT 2C, New York, NY 10022","$2,500/mo",2s,2,"1,040",https://www.zillow.com/homedetails/313-E-60th-St-APT-2C-New-York-NY-10022/2110559064_zpid/
pretty_page_18.html,"313 E 60th St APT 2C, New York, NY 10022","$2,500/mo",1,[],[],https://www.zillow.com/homedetails/313-E-60th-St-APT-2C-New-York-NY-10022/2110559064_zpid/
pretty_page_18.html,"313 E 60th St APT 2C, New York, NY 10022","$2,500/mo",1,1,[],https://www.zillow.com/homedetails/313-E-60th-St-APT-2C-New-York-NY-10022/2110559064_zpid/
pretty_page_18.html,"313 E 60th St APT 2C, New York, NY 10022","$2,500/mo",1,1,--,https://www.zillow.com/homedetails/313-E-60th-St-APT-2C-New-York-NY-10022/2110559064_zpid/
pretty_page_18.html,"313 E 60th St APT 2C, New York, NY 10022","$2,500/mo","$5,900+2 s",[],[],https://www.zillow.com/homedetails/313-E-60th-St-APT-2C-New-York-NY-10022/2110559064_zpid/
pretty_page_18.html,"313 E 60th St APT 2C, New York, NY 10022","$2,500/mo",2s,[],[],https://www.zillow.com/homedetails/313-E-60th-St-APT-2C-New-York-NY-10022/2110559064_zpid/
pretty_page_18.html,"313 E 60th St APT 2C, New York, NY 10022","$2,500/mo",2s,1,[],https://www.zillow.com/homedetails/313-E-60th-St-APT-2C-New-York-NY-10022/2110559064_zpid/
pretty_page_18.html,"313 E 60th St APT 2C, New York, NY 10022","$2,500/mo",2s,1,--,https://www.zillow.com/homedetails/313-E-60th-St-APT-2C-New-York-NY-10022/2110559064_zpid/
pretty_page_18.html,"313 E 60th St APT 2C, New York, NY 10022","$2,500/mo","$6,200+1",[],[],https://www.zillow.com/homedetails/313-E-60th-St-APT-2C-New-York-NY-10022/2110559064_zpid/
pretty_page_18.html,"313 E 60th St APT 2C, New York, NY 10022","$2,500/mo",1,[],[],https://www.zillow.com/homedetails/313-E-60th-St-APT-2C-New-York-NY-10022/2110559064_zpid/
pretty_page_18.html,"313 E 60th St APT 2C, New York, NY 10022","$2,500/mo",1,1,[],https://www.zillow.com/homedetails/313-E-60th-St-APT-2C-New-York-NY-10022/2110559064_zpid/
pretty_page_18.html,"313 E 60th St APT 2C, New York, NY 10022","$2,500/mo",1,1,--,https://www.zillow.com/homedetails/313-E-60th-St-APT-2C-New-York-NY-10022/2110559064_zpid/
pretty_page_8.html,"6907 222nd St FLOOR 1, Oakland Gardens, NY 11364","$2,600/mo",1,[],[],https://www.zillow.com/homedetails/6907-222nd-St-FLOOR-1-Oakland-Gardens-NY-11364/2053553814_zpid/
pretty_page_8.html,"6907 222nd St FLOOR 1, Oakland Gardens, NY 11364","$2,600/mo",1,1,[],https://www.zillow.com/homedetails/6907-222nd-St-FLOOR-1-Oakland-Gardens-NY-11364/2053553814_zpid/
pretty_page_8.html,"6907 222nd St FLOOR 1, Oakland Gardens, NY 11364","$2,600/mo",1,1,--,https://www.zillow.com/homedetails/6907-222nd-St-FLOOR-1-Oakland-Gardens-NY-11364/2053553814_zpid/
pretty_page_8.html,"6907 222nd St FLOOR 1, Oakland Gardens, NY 11364","$2,600/mo",1,[],[],https://www.zillow.com/homedetails/6907-222nd-St-FLOOR-1-Oakland-Gardens-NY-11364/2053553814_zpid/
pretty_page_8.html,"6907 222nd St FLOOR 1, Oakland Gardens, NY 11364","$2,600/mo",1,1,[],https://www.zillow.com/homedetails/6907-222nd-St-FLOOR-1-Oakland-Gardens-NY-11364/2053553814_zpid/
pretty_page_8.html,"6907 222nd St FLOOR 1, Oakland Gardens, NY 11364","$2,600/mo",1,1,989,https://www.zillow.com/homedetails/6907-222nd-St-FLOOR-1-Oakland-Gardens-NY-11364/2053553814_zpid/
pretty_page_8.html,"6907 222nd St FLOOR 1, Oakland Gardens, NY 11364","$2,600/mo",1,[],[],https://www.zillow.com/homedetails/6907-222nd-St-FLOOR-1-Oakland-Gardens-NY-11364/2053553814_zpid/
pretty_page_8.html,"6907 222nd St FLOOR 1, Oakland Gardens, NY 11364","$2,600/mo",1,1,[],https://www.zillow.com/homedetails/6907-222nd-St-FLOOR-1-Oakland-Gardens-NY-11364/2053553814_zpid/
pretty_page_8.html,"6907 222nd St FLOOR 1, Oakland Gardens, NY 11364","$2,600/mo",1,1,895,https://www.zillow.com/homedetails/6907-222nd-St-FLOOR-1-Oakland-Gardens-NY-11364/2053553814_zpid/
pretty_page_8.html,"6907 222nd St FLOOR 1, Oakland Gardens, NY 11364","$2,600/mo",3s,[],[],https://www.zillow.com/homedetails/6907-222nd-St-FLOOR-1-Oakland-Gardens-NY-11364/2053553814_zpid/
pretty_page_8.html,"6907 222nd St FLOOR 1, Oakland Gardens, NY 11364","$2,600/mo",3s,2,[],https://www.zillow.com/homedetails/6907-222nd-St-FLOOR-1-Oakland-Gardens-NY-11364/2053553814_zpid/
pretty_page_8.html,"6907 222nd St FLOOR 1, Oakland Gardens, NY 11364","$2,600/mo",3s,2,--,https://www.zillow.com/homedetails/6907-222nd-St-FLOOR-1-Oakland-Gardens-NY-11364/2053553814_zpid/
pretty_page_8.html,"6907 222nd St FLOOR 1, Oakland Gardens, NY 11364","$2,600/mo",2s,[],[],https://www.zillow.com/homedetails/6907-222nd-St-FLOOR-1-Oakland-Gardens-NY-11364/2053553814_zpid/
pretty_page_8.html,"6907 222nd St FLOOR 1, Oakland Gardens, NY 11364","$2,600/mo",2s,1,[],https://www.zillow.com/homedetails/6907-222nd-St-FLOOR-1-Oakland-Gardens-NY-11364/2053553814_zpid/
pretty_page_8.html,"6907 222nd St FLOOR 1, Oakland Gardens, NY 11364","$2,600/mo",2s,1,--,https://www.zillow.com/homedetails/6907-222nd-St-FLOOR-1-Oakland-Gardens-NY-11364/2053553814_zpid/
pretty_page_8.html,"6907 222nd St FLOOR 1, Oakland Gardens, NY 11364","$2,600/mo","$2,300+2 s",[],[],https://www.zillow.com/homedetails/6907-222nd-St-FLOOR-1-Oakland-Gardens-NY-11364/2053553814_zpid/
pretty_page_8.html,"6907 222nd St FLOOR 1, Oakland Gardens, NY 11364","$2,600/mo",3s,[],[],https://www.zillow.com/homedetails/6907-222nd-St-FLOOR-1-Oakland-Gardens-NY-11364/2053553814_zpid/
pretty_page_8.html,"6907 222nd St FLOOR 1, Oakland Gardens, NY 11364","$2,600/mo",3s,2,[],https://www.zillow.com/homedetails/6907-222nd-St-FLOOR-1-Oakland-Gardens-NY-11364/2053553814_zpid/
pretty_page_8.html,"6907 222nd St FLOOR 1, Oakland Gardens, NY 11364","$2,600/mo",3s,2,"1,200",https://www.zillow.com/homedetails/6907-222nd-St-FLOOR-1-Oakland-Gardens-NY-11364/2053553814_zpid/
pretty_page_8.html,"6907 222nd St FLOOR 1, Oakland Gardens, NY 11364","$2,600/mo",2s,[],[],https://www.zillow.com/homedetails/6907-222nd-St-FLOOR-1-Oakland-Gardens-NY-11364/2053553814_zpid/
pretty_page_8.html,"6907 222nd St FLOOR 1, Oakland Gardens, NY 11364","$2,600/mo",2s,1,[],https://www.zillow.com/homedetails/6907-222nd-St-FLOOR-1-Oakland-Gardens-NY-11364/2053553814_zpid/
pretty_page_8.html,"6907 222nd St FLOOR 1, Oakland Gardens, NY 11364","$2,600/mo",2s,1,--,https://www.zillow.com/homedetails/6907-222nd-St-FLOOR-1-Oakland-Gardens-NY-11364/2053553814_zpid/
pretty_page_8.html,"6907 222nd St FLOOR 1, Oakland Gardens, NY 11364","$2,600/mo",2s,[],[],https://www.zillow.com/homedetails/6907-222nd-St-FLOOR-1-Oakland-Gardens-NY-11364/2053553814_zpid/
pretty_page_8.html,"6907 222nd St FLOOR 1, Oakland Gardens, NY 11364","$2,600/mo",2s,1,[],https://www.zillow.com/homedetails/6907-222nd-St-FLOOR-1-Oakland-Gardens-NY-11364/2053553814_zpid/
pretty_page_8.html,"6907 222nd St FLOOR 1, Oakland Gardens, NY 11364","$2,600/mo",2s,1,950,https://www.zillow.com/homedetails/6907-222nd-St-FLOOR-1-Oakland-Gardens-NY-11364/2053553814_zpid/
pretty_page_14.html,"238 Central Ave APT 1B, Brooklyn, NY 11221","$4,200/mo",3s,[],[],https://www.zillow.com/homedetails/238-Central-Ave-APT-1B-Brooklyn-NY-11221/2103981249_zpid/
pretty_page_14.html,"238 Central Ave APT 1B, Brooklyn, NY 11221","$4,200/mo",3s,2,[],https://www.zillow.com/homedetails/238-Central-Ave-APT-1B-Brooklyn-NY-11221/2103981249_zpid/
pretty_page_14.html,"238 Central Ave APT 1B, Brooklyn, NY 11221","$4,200/mo",3s,2,--,https://www.zillow.com/homedetails/238-Central-Ave-APT-1B-Brooklyn-NY-11221/2103981249_zpid/
pretty_page_14.html,"238 Central Ave APT 1B, Brooklyn, NY 11221","$4,200/mo",1,[],[],https://www.zillow.com/homedetails/238-Central-Ave-APT-1B-Brooklyn-NY-11221/2103981249_zpid/
pretty_page_14.html,"238 Central Ave APT 1B, Brooklyn, NY 11221","$4,200/mo",1,1,[],https://www.zillow.com/homedetails/238-Central-Ave-APT-1B-Brooklyn-NY-11221/2103981249_zpid/
pretty_page_14.html,"238 Central Ave APT 1B, Brooklyn, NY 11221","$4,200/mo",1,1,--,https://www.zillow.com/homedetails/238-Central-Ave-APT-1B-Brooklyn-NY-11221/2103981249_zpid/
pretty_page_14.html,"238 Central Ave APT 1B, Brooklyn, NY 11221","$4,200/mo",3s,[],[],https://www.zillow.com/homedetails/238-Central-Ave-APT-1B-Brooklyn-NY-11221/2103981249_zpid/
pretty_page_14.html,"238 Central Ave APT 1B, Brooklyn, NY 11221","$4,200/mo",3s,2,[],https://www.zillow.com/homedetails/238-Central-Ave-APT-1B-Brooklyn-NY-11221/2103981249_zpid/
pretty_page_14.html,"238 Central Ave APT 1B, Brooklyn, NY 11221","$4,200/mo",3s,2,"1,500",https://www.zillow.com/homedetails/238-Central-Ave-APT-1B-Brooklyn-NY-11221/2103981249_zpid/
pretty_page_14.html,"238 Central Ave APT 1B, Brooklyn, NY 11221","$4,200/mo",2s,[],[],https://www.zillow.com/homedetails/238-Central-Ave-APT-1B-Brooklyn-NY-11221/2103981249_zpid/
pretty_page_14.html,"238 Central Ave APT 1B, Brooklyn, NY 11221","$4,200/mo",2s,1,[],https://www.zillow.com/homedetails/238-Central-Ave-APT-1B-Brooklyn-NY-11221/2103981249_zpid/
pretty_page_14.html,"238 Central Ave APT 1B, Brooklyn, NY 11221","$4,200/mo",2s,1,--,https://www.zillow.com/homedetails/238-Central-Ave-APT-1B-Brooklyn-NY-11221/2103981249_zpid/
pretty_page_14.html,"238 Central Ave APT 1B, Brooklyn, NY 11221","$4,200/mo",1,[],[],https://www.zillow.com/homedetails/238-Central-Ave-APT-1B-Brooklyn-NY-11221/2103981249_zpid/
pretty_page_14.html,"238 Central Ave APT 1B, Brooklyn, NY 11221","$4,200/mo",1,1,[],https://www.zillow.com/homedetails/238-Central-Ave-APT-1B-Brooklyn-NY-11221/2103981249_zpid/
pretty_page_14.html,"238 Central Ave APT 1B, Brooklyn, NY 11221","$4,200/mo",1,1,--,https://www.zillow.com/homedetails/238-Central-Ave-APT-1B-Brooklyn-NY-11221/2103981249_zpid/
pretty_page_14.html,"238 Central Ave APT 1B, Brooklyn, NY 11221","$4,200/mo","$5,400+1",[],[],https://www.zillow.com/homedetails/238-Central-Ave-APT-1B-Brooklyn-NY-11221/2103981249_zpid/
pretty_page_14.html,"238 Central Ave APT 1B, Brooklyn, NY 11221","$4,200/mo","$7,470+2 s",[],[],https://www.zillow.com/homedetails/238-Central-Ave-APT-1B-Brooklyn-NY-11221/2103981249_zpid/
pretty_page_14.html,"238 Central Ave APT 1B, Brooklyn, NY 11221","$4,200/mo","$5,950+3 s",[],[],https://www.zillow.com/homedetails/238-Central-Ave-APT-1B-Brooklyn-NY-11221/2103981249_zpid/
pretty_page_14.html,"238 Central Ave APT 1B, Brooklyn, NY 11221","$4,200/mo","$3,000+3 s",[],[],https://www.zillow.com/homedetails/238-Central-Ave-APT-1B-Brooklyn-NY-11221/2103981249_zpid/
pretty_page_14.html,"238 Central Ave APT 1B, Brooklyn, NY 11221","$4,200/mo","$4,000+2 s",[],[],https://www.zillow.com/homedetails/238-Central-Ave-APT-1B-Brooklyn-NY-11221/2103981249_zpid/
pretty_page_14.html,"238 Central Ave APT 1B, Brooklyn, NY 11221","$4,200/mo",3s,[],[],https://www.zillow.com/homedetails/238-Central-Ave-APT-1B-Brooklyn-NY-11221/2103981249_zpid/
pretty_page_14.html,"238 Central Ave APT 1B, Brooklyn, NY 11221","$4,200/mo",3s,1,[],https://www.zillow.com/homedetails/238-Central-Ave-APT-1B-Brooklyn-NY-11221/2103981249_zpid/
pretty_page_14.html,"238 Central Ave APT 1B, Brooklyn, NY 11221","$4,200/mo",3s,1,--,https://www.zillow.com/homedetails/238-Central-Ave-APT-1B-Brooklyn-NY-11221/2103981249_zpid/
pretty_page_15.html,"100 W 138th St, New York, NY","$3,499+ 3 bds",1,[],[],/b/100-w-138th-st-new-york-ny-9h5tDR/
pretty_page_15.html,"100 W 138th St, New York, NY","$3,499+ 3 bds",1,1,[],/b/100-w-138th-st-new-york-ny-9h5tDR/
pretty_page_15.html,"100 W 138th St, New York, NY","$3,499+ 3 bds",1,1,--,/b/100-w-138th-st-new-york-ny-9h5tDR/
pretty_page_15.html,"100 W 138th St, New York, NY","$3,499+ 3 bds",[],[],[],/b/100-w-138th-st-new-york-ny-9h5tDR/
pretty_page_15.html,"100 W 138th St, New York, NY","$3,499+ 3 bds",[],1,[],/b/100-w-138th-st-new-york-ny-9h5tDR/
pretty_page_15.html,"100 W 138th St, New York, NY","$3,499+ 3 bds",[],1,--,/b/100-w-138th-st-new-york-ny-9h5tDR/
pretty_page_15.html,"100 W 138th St, New York, NY","$3,499+ 3 bds",2s,[],[],/b/100-w-138th-st-new-york-ny-9h5tDR/
pretty_page_15.html,"100 W 138th St, New York, NY","$3,499+ 3 bds",2s,1,[],/b/100-w-138th-st-new-york-ny-9h5tDR/
pretty_page_15.html,"100 W 138th St, New York, NY","$3,499+ 3 bds",2s,1,--,/b/100-w-138th-st-new-york-ny-9h5tDR/
pretty_page_15.html,"100 W 138th St, New York, NY","$3,499+ 3 bds","$4,839+1",[],[],/b/100-w-138th-st-new-york-ny-9h5tDR/
pretty_page_15.html,"100 W 138th St, New York, NY","$3,499+ 3 bds","$6,573+2 s",[],[],/b/100-w-138th-st-new-york-ny-9h5tDR/
pretty_page_15.html,"100 W 138th St, New York, NY","$3,499+ 3 bds","$3,943+1",[],[],/b/100-w-138th-st-new-york-ny-9h5tDR/
pretty_page_15.html,"100 W 138th St, New York, NY","$3,499+ 3 bds","$5,506+2 s",[],[],/b/100-w-138th-st-new-york-ny-9h5tDR/
pretty_page_15.html,"100 W 138th St, New York, NY","$3,499+ 3 bds","$3,957+1",[],[],/b/100-w-138th-st-new-york-ny-9h5tDR/
pretty_page_15.html,"100 W 138th St, New York, NY","$3,499+ 3 bds","$5,515+2 s",[],[],/b/100-w-138th-st-new-york-ny-9h5tDR/
pretty_page_15.html,"100 W 138th St, New York, NY","$3,499+ 3 bds",4s,[],[],/b/100-w-138th-st-new-york-ny-9h5tDR/
pretty_page_15.html,"100 W 138th St, New York, NY","$3,499+ 3 bds",4s,3,[],/b/100-w-138th-st-new-york-ny-9h5tDR/
pretty_page_15.html,"100 W 138th St, New York, NY","$3,499+ 3 bds",4s,3,"2,000",/b/100-w-138th-st-new-york-ny-9h5tDR/
pretty_page_9.html,"43-08 52nd St, Woodside, NY","$2,995+ 1 bd",1,[],[],/b/43-08-52nd-st-woodside-ny-C92wRG/
pretty_page_9.html,"43-08 52nd St, Woodside, NY","$2,995+ 1 bd",1,1,[],/b/43-08-52nd-st-woodside-ny-C92wRG/
pretty_page_9.html,"43-08 52nd St, Woodside, NY","$2,995+ 1 bd",1,1,--,/b/43-08-52nd-st-woodside-ny-C92wRG/
pretty_page_9.html,"43-08 52nd St, Woodside, NY","$2,995+ 1 bd",3s,[],[],/b/43-08-52nd-st-woodside-ny-C92wRG/
pretty_page_9.html,"43-08 52nd St, Woodside, NY","$2,995+ 1 bd",3s,1,[],/b/43-08-52nd-st-woodside-ny-C92wRG/
pretty_page_9.html,"43-08 52nd St, Woodside, NY","$2,995+ 1 bd",3s,1,--,/b/43-08-52nd-st-woodside-ny-C92wRG/
pretty_page_9.html,"43-08 52nd St, Woodside, NY","$2,995+ 1 bd",1,[],[],/b/43-08-52nd-st-woodside-ny-C92wRG/
pretty_page_9.html,"43-08 52nd St, Woodside, NY","$2,995+ 1 bd",1,1,[],/b/43-08-52nd-st-woodside-ny-C92wRG/
pretty_page_9.html,"43-08 52nd St, Woodside, NY","$2,995+ 1 bd",1,1,--,/b/43-08-52nd-st-woodside-ny-C92wRG/
pretty_page_9.html,"43-08 52nd St, Woodside, NY","$2,995+ 1 bd",1,[],[],/b/43-08-52nd-st-woodside-ny-C92wRG/
pretty_page_9.html,"43-08 52nd St, Woodside, NY","$2,995+ 1 bd",1,1,[],/b/43-08-52nd-st-woodside-ny-C92wRG/
pretty_page_9.html,"43-08 52nd St, Woodside, NY","$2,995+ 1 bd",1,1,--,/b/43-08-52nd-st-woodside-ny-C92wRG/
pretty_page_9.html,"43-08 52nd St, Woodside, NY","$2,995+ 1 bd",2s,[],[],/b/43-08-52nd-st-woodside-ny-C92wRG/
pretty_page_9.html,"43-08 52nd St, Woodside, NY","$2,995+ 1 bd",2s,1,[],/b/43-08-52nd-st-woodside-ny-C92wRG/
pretty_page_9.html,"43-08 52nd St, Woodside, NY","$2,995+ 1 bd",2s,1,"1,100",/b/43-08-52nd-st-woodside-ny-C92wRG/
pretty_page_9.html,"43-08 52nd St, Woodside, NY","$2,995+ 1 bd",3s,[],[],/b/43-08-52nd-st-woodside-ny-C92wRG/
pretty_page_9.html,"43-08 52nd St, Woodside, NY","$2,995+ 1 bd",3s,3,[],/b/43-08-52nd-st-woodside-ny-C92wRG/
pretty_page_9.html,"43-08 52nd St, Woodside, NY","$2,995+ 1 bd",3s,3,--,/b/43-08-52nd-st-woodside-ny-C92wRG/
pretty_page_9.html,"43-08 52nd St, Woodside, NY","$2,995+ 1 bd",1,[],[],/b/43-08-52nd-st-woodside-ny-C92wRG/
pretty_page_9.html,"43-08 52nd St, Woodside, NY","$2,995+ 1 bd",1,1.5,[],/b/43-08-52nd-st-woodside-ny-C92wRG/
pretty_page_9.html,"43-08 52nd St, Woodside, NY","$2,995+ 1 bd",1,1.5,--,/b/43-08-52nd-st-woodside-ny-C92wRG/
pretty_page_9.html,"43-08 52nd St, Woodside, NY","$2,995+ 1 bd",2s,[],[],/b/43-08-52nd-st-woodside-ny-C92wRG/
pretty_page_9.html,"43-08 52nd St, Woodside, NY","$2,995+ 1 bd",2s,1,[],/b/43-08-52nd-st-woodside-ny-C92wRG/
pretty_page_9.html,"43-08 52nd St, Woodside, NY","$2,995+ 1 bd",2s,1,--,/b/43-08-52nd-st-woodside-ny-C92wRG/
pretty_page_19.html,"1159 President St APT 1D, Brooklyn, NY 11225","$2,895/mo",1,[],[],https://www.zillow.com/homedetails/1159-President-St-APT-1D-Brooklyn-NY-11225/2105384377_zpid/
pretty_page_19.html,"1159 President St APT 1D, Brooklyn, NY 11225","$2,895/mo",1,1,[],https://www.zillow.com/homedetails/1159-President-St-APT-1D-Brooklyn-NY-11225/2105384377_zpid/
pretty_page_19.html,"1159 President St APT 1D, Brooklyn, NY 11225","$2,895/mo",1,1,700,https://www.zillow.com/homedetails/1159-President-St-APT-1D-Brooklyn-NY-11225/2105384377_zpid/
pretty_page_19.html,"1159 President St APT 1D, Brooklyn, NY 11225","$2,895/mo",1,[],[],https://www.zillow.com/homedetails/1159-President-St-APT-1D-Brooklyn-NY-11225/2105384377_zpid/
pretty_page_19.html,"1159 President St APT 1D, Brooklyn, NY 11225","$2,895/mo",1,1,[],https://www.zillow.com/homedetails/1159-President-St-APT-1D-Brooklyn-NY-11225/2105384377_zpid/
pretty_page_19.html,"1159 President St APT 1D, Brooklyn, NY 11225","$2,895/mo",1,1,--,https://www.zillow.com/homedetails/1159-President-St-APT-1D-Brooklyn-NY-11225/2105384377_zpid/
pretty_page_19.html,"1159 President St APT 1D, Brooklyn, NY 11225","$2,895/mo","$2,900+2 s",[],[],https://www.zillow.com/homedetails/1159-President-St-APT-1D-Brooklyn-NY-11225/2105384377_zpid/
pretty_page_19.html,"1159 President St APT 1D, Brooklyn, NY 11225","$2,895/mo",2s,[],[],https://www.zillow.com/homedetails/1159-President-St-APT-1D-Brooklyn-NY-11225/2105384377_zpid/
pretty_page_19.html,"1159 President St APT 1D, Brooklyn, NY 11225","$2,895/mo",2s,1.5,[],https://www.zillow.com/homedetails/1159-President-St-APT-1D-Brooklyn-NY-11225/2105384377_zpid/
pretty_page_19.html,"1159 President St APT 1D, Brooklyn, NY 11225","$2,895/mo",2s,1.5,950,https://www.zillow.com/homedetails/1159-President-St-APT-1D-Brooklyn-NY-11225/2105384377_zpid/
pretty_page_19.html,"1159 President St APT 1D, Brooklyn, NY 11225","$2,895/mo",1,[],[],https://www.zillow.com/homedetails/1159-President-St-APT-1D-Brooklyn-NY-11225/2105384377_zpid/
pretty_page_19.html,"1159 President St APT 1D, Brooklyn, NY 11225","$2,895/mo",1,1,[],https://www.zillow.com/homedetails/1159-President-St-APT-1D-Brooklyn-NY-11225/2105384377_zpid/
pretty_page_19.html,"1159 President St APT 1D, Brooklyn, NY 11225","$2,895/mo",1,1,--,https://www.zillow.com/homedetails/1159-President-St-APT-1D-Brooklyn-NY-11225/2105384377_zpid/
pretty_page_19.html,"1159 President St APT 1D, Brooklyn, NY 11225","$2,895/mo",1,[],[],https://www.zillow.com/homedetails/1159-President-St-APT-1D-Brooklyn-NY-11225/2105384377_zpid/
pretty_page_19.html,"1159 President St APT 1D, Brooklyn, NY 11225","$2,895/mo",1,1,[],https://www.zillow.com/homedetails/1159-President-St-APT-1D-Brooklyn-NY-11225/2105384377_zpid/
pretty_page_19.html,"1159 President St APT 1D, Brooklyn, NY 11225","$2,895/mo",1,1,--,https://www.zillow.com/homedetails/1159-President-St-APT-1D-Brooklyn-NY-11225/2105384377_zpid/
pretty_page_19.html,"1159 President St APT 1D, Brooklyn, NY 11225","$2,895/mo",[],[],[],https://www.zillow.com/homedetails/1159-President-St-APT-1D-Brooklyn-NY-11225/2105384377_zpid/
pretty_page_19.html,"1159 President St APT 1D, Brooklyn, NY 11225","$2,895/mo",[],1,[],https://www.zillow.com/homedetails/1159-President-St-APT-1D-Brooklyn-NY-11225/2105384377_zpid/
pretty_page_19.html,"1159 President St APT 1D, Brooklyn, NY 11225","$2,895/mo",[],1,--,https://www.zillow.com/homedetails/1159-President-St-APT-1D-Brooklyn-NY-11225/2105384377_zpid/
pretty_page_19.html,"1159 President St APT 1D, Brooklyn, NY 11225","$2,895/mo",3s,[],[],https://www.zillow.com/homedetails/1159-President-St-APT-1D-Brooklyn-NY-11225/2105384377_zpid/
pretty_page_19.html,"1159 President St APT 1D, Brooklyn, NY 11225","$2,895/mo",3s,1,[],https://www.zillow.com/homedetails/1159-President-St-APT-1D-Brooklyn-NY-11225/2105384377_zpid/
pretty_page_19.html,"1159 President St APT 1D, Brooklyn, NY 11225","$2,895/mo",3s,1,871,https://www.zillow.com/homedetails/1159-President-St-APT-1D-Brooklyn-NY-11225/2105384377_zpid/
pretty_page_5.html,"1625 Park Pl #8, Brooklyn, NY 11233","$1,900/mo","$2,325+2 s",[],[],https://www.zillow.com/homedetails/1625-Park-Pl-8-Brooklyn-NY-11233/2068558985_zpid/
pretty_page_5.html,"1625 Park Pl #8, Brooklyn, NY 11233","$1,900/mo",2s,[],[],https://www.zillow.com/homedetails/1625-Park-Pl-8-Brooklyn-NY-11233/2068558985_zpid/
pretty_page_5.html,"1625 Park Pl #8, Brooklyn, NY 11233","$1,900/mo",2s,1,[],https://www.zillow.com/homedetails/1625-Park-Pl-8-Brooklyn-NY-11233/2068558985_zpid/
pretty_page_5.html,"1625 Park Pl #8, Brooklyn, NY 11233","$1,900/mo",2s,1,--,https://www.zillow.com/homedetails/1625-Park-Pl-8-Brooklyn-NY-11233/2068558985_zpid/
pretty_page_5.html,"1625 Park Pl #8, Brooklyn, NY 11233","$1,900/mo",3s,[],[],https://www.zillow.com/homedetails/1625-Park-Pl-8-Brooklyn-NY-11233/2068558985_zpid/
pretty_page_5.html,"1625 Park Pl #8, Brooklyn, NY 11233","$1,900/mo",3s,2,[],https://www.zillow.com/homedetails/1625-Park-Pl-8-Brooklyn-NY-11233/2068558985_zpid/
pretty_page_5.html,"1625 Park Pl #8, Brooklyn, NY 11233","$1,900/mo",3s,2,--,https://www.zillow.com/homedetails/1625-Park-Pl-8-Brooklyn-NY-11233/2068558985_zpid/
pretty_page_5.html,"1625 Park Pl #8, Brooklyn, NY 11233","$1,900/mo",1,[],[],https://www.zillow.com/homedetails/1625-Park-Pl-8-Brooklyn-NY-11233/2068558985_zpid/
pretty_page_5.html,"1625 Park Pl #8, Brooklyn, NY 11233","$1,900/mo",1,1,[],https://www.zillow.com/homedetails/1625-Park-Pl-8-Brooklyn-NY-11233/2068558985_zpid/
pretty_page_5.html,"1625 Park Pl #8, Brooklyn, NY 11233","$1,900/mo",1,1,--,https://www.zillow.com/homedetails/1625-Park-Pl-8-Brooklyn-NY-11233/2068558985_zpid/
pretty_page_5.html,"1625 Park Pl #8, Brooklyn, NY 11233","$1,900/mo","$2,405+1",[],[],https://www.zillow.com/homedetails/1625-Park-Pl-8-Brooklyn-NY-11233/2068558985_zpid/
pretty_page_5.html,"1625 Park Pl #8, Brooklyn, NY 11233","$1,900/mo",1,[],[],https://www.zillow.com/homedetails/1625-Park-Pl-8-Brooklyn-NY-11233/2068558985_zpid/
pretty_page_5.html,"1625 Park Pl #8, Brooklyn, NY 11233","$1,900/mo",1,1,[],https://www.zillow.com/homedetails/1625-Park-Pl-8-Brooklyn-NY-11233/2068558985_zpid/
pretty_page_5.html,"1625 Park Pl #8, Brooklyn, NY 11233","$1,900/mo",1,1,800,https://www.zillow.com/homedetails/1625-Park-Pl-8-Brooklyn-NY-11233/2068558985_zpid/
pretty_page_5.html,"1625 Park Pl #8, Brooklyn, NY 11233","$1,900/mo",1,[],[],https://www.zillow.com/homedetails/1625-Park-Pl-8-Brooklyn-NY-11233/2068558985_zpid/
pretty_page_5.html,"1625 Park Pl #8, Brooklyn, NY 11233","$1,900/mo",1,1,[],https://www.zillow.com/homedetails/1625-Park-Pl-8-Brooklyn-NY-11233/2068558985_zpid/
pretty_page_5.html,"1625 Park Pl #8, Brooklyn, NY 11233","$1,900/mo",1,1,--,https://www.zillow.com/homedetails/1625-Park-Pl-8-Brooklyn-NY-11233/2068558985_zpid/
pretty_page_5.html,"1625 Park Pl #8, Brooklyn, NY 11233","$1,900/mo",1,[],[],https://www.zillow.com/homedetails/1625-Park-Pl-8-Brooklyn-NY-11233/2068558985_zpid/
pretty_page_5.html,"1625 Park Pl #8, Brooklyn, NY 11233","$1,900/mo",1,1,[],https://www.zillow.com/homedetails/1625-Park-Pl-8-Brooklyn-NY-11233/2068558985_zpid/
pretty_page_5.html,"1625 Park Pl #8, Brooklyn, NY 11233","$1,900/mo",1,1,--,https://www.zillow.com/homedetails/1625-Park-Pl-8-Brooklyn-NY-11233/2068558985_zpid/
pretty_page_5.html,"1625 Park Pl #8, Brooklyn, NY 11233","$1,900/mo",1,[],[],https://www.zillow.com/homedetails/1625-Park-Pl-8-Brooklyn-NY-11233/2068558985_zpid/
pretty_page_5.html,"1625 Park Pl #8, Brooklyn, NY 11233","$1,900/mo",1,1,[],https://www.zillow.com/homedetails/1625-Park-Pl-8-Brooklyn-NY-11233/2068558985_zpid/
pretty_page_5.html,"1625 Park Pl #8, Brooklyn, NY 11233","$1,900/mo",1,1,--,https://www.zillow.com/homedetails/1625-Park-Pl-8-Brooklyn-NY-11233/2068558985_zpid/
pretty_page_12.html,"38 Cooper St, Brooklyn, NY","$2,415+ 2 bds",1,[],[],/b/38-cooper-st-brooklyn-ny-3wjv/
pretty_page_12.html,"38 Cooper St, Brooklyn, NY","$2,415+ 2 bds",1,1,[],/b/38-cooper-st-brooklyn-ny-3wjv/
pretty_page_12.html,"38 Cooper St, Brooklyn, NY","$2,415+ 2 bds",1,1,--,/b/38-cooper-st-brooklyn-ny-3wjv/
pretty_page_12.html,"38 Cooper St, Brooklyn, NY","$2,415+ 2 bds","$2,595+3 s",[],[],/b/38-cooper-st-brooklyn-ny-3wjv/
pretty_page_12.html,"38 Cooper St, Brooklyn, NY","$2,415+ 2 bds",2s,[],[],/b/38-cooper-st-brooklyn-ny-3wjv/
pretty_page_12.html,"38 Cooper St, Brooklyn, NY","$2,415+ 2 bds",2s,1,[],/b/38-cooper-st-brooklyn-ny-3wjv/
pretty_page_12.html,"38 Cooper St, Brooklyn, NY","$2,415+ 2 bds",2s,1,--,/b/38-cooper-st-brooklyn-ny-3wjv/
pretty_page_12.html,"38 Cooper St, Brooklyn, NY","$2,415+ 2 bds","$2,780+4 s",[],[],/b/38-cooper-st-brooklyn-ny-3wjv/
pretty_page_12.html,"38 Cooper St, Brooklyn, NY","$2,415+ 2 bds",4s,[],[],/b/38-cooper-st-brooklyn-ny-3wjv/
pretty_page_12.html,"38 Cooper St, Brooklyn, NY","$2,415+ 2 bds",4s,2,[],/b/38-cooper-st-brooklyn-ny-3wjv/
pretty_page_12.html,"38 Cooper St, Brooklyn, NY","$2,415+ 2 bds",4s,2,--,/b/38-cooper-st-brooklyn-ny-3wjv/
pretty_page_12.html,"38 Cooper St, Brooklyn, NY","$2,415+ 2 bds",3s,[],[],/b/38-cooper-st-brooklyn-ny-3wjv/
pretty_page_12.html,"38 Cooper St, Brooklyn, NY","$2,415+ 2 bds",3s,2,[],/b/38-cooper-st-brooklyn-ny-3wjv/
pretty_page_12.html,"38 Cooper St, Brooklyn, NY","$2,415+ 2 bds",3s,2,--,/b/38-cooper-st-brooklyn-ny-3wjv/
pretty_page_12.html,"38 Cooper St, Brooklyn, NY","$2,415+ 2 bds","$2,230+2 s",[],[],/b/38-cooper-st-brooklyn-ny-3wjv/
pretty_page_2.html,"15 Cliff | 15 Cliff St, New York, NY","$4,455+ 1 bd","$4,135+1",[],[],/apartments/new-york-ny/15-cliff/22BQ/
pretty_page_2.html,"15 Cliff | 15 Cliff St, New York, NY","$4,455+ 1 bd","$6,180+2 s",[],[],/apartments/new-york-ny/15-cliff/22BQ/
pretty_page_2.html,"15 Cliff | 15 Cliff St, New York, NY","$4,455+ 1 bd","$4,240+1",[],[],/apartments/new-york-ny/15-cliff/22BQ/
pretty_page_2.html,"15 Cliff | 15 Cliff St, New York, NY","$4,455+ 1 bd","$6,186+2 s",[],[],/apartments/new-york-ny/15-cliff/22BQ/
pretty_page_2.html,"15 Cliff | 15 Cliff St, New York, NY","$4,455+ 1 bd","$4,543+1",[],[],/apartments/new-york-ny/15-cliff/22BQ/
pretty_page_2.html,"15 Cliff | 15 Cliff St, New York, NY","$4,455+ 1 bd","$7,410+2 s",[],[],/apartments/new-york-ny/15-cliff/22BQ/
pretty_page_2.html,"15 Cliff | 15 Cliff St, New York, NY","$4,455+ 1 bd","$4,560+1",[],[],/apartments/new-york-ny/15-cliff/22BQ/
pretty_page_2.html,"15 Cliff | 15 Cliff St, New York, NY","$4,455+ 1 bd","$6,490+2 s",[],[],/apartments/new-york-ny/15-cliff/22BQ/
pretty_page_2.html,"15 Cliff | 15 Cliff St, New York, NY","$4,455+ 1 bd","$6,087+1",[],[],/apartments/new-york-ny/15-cliff/22BQ/
pretty_page_2.html,"15 Cliff | 15 Cliff St, New York, NY","$4,455+ 1 bd","$7,445+2 s",[],[],/apartments/new-york-ny/15-cliff/22BQ/
pretty_page_2.html,"15 Cliff | 15 Cliff St, New York, NY","$4,455+ 1 bd","$5,700+1",[],[],/apartments/new-york-ny/15-cliff/22BQ/
pretty_page_2.html,"15 Cliff | 15 Cliff St, New York, NY","$4,455+ 1 bd","$9,100+3 s",[],[],/apartments/new-york-ny/15-cliff/22BQ/
pretty_page_2.html,"15 Cliff | 15 Cliff St, New York, NY","$4,455+ 1 bd","$2,300+1",[],[],/apartments/new-york-ny/15-cliff/22BQ/
pretty_page_2.html,"15 Cliff | 15 Cliff St, New York, NY","$4,455+ 1 bd","$3,750+2 s",[],[],/apartments/new-york-ny/15-cliff/22BQ/
pretty_page_2.html,"15 Cliff | 15 Cliff St, New York, NY","$4,455+ 1 bd","$4,835+2 s",[],[],/apartments/new-york-ny/15-cliff/22BQ/
pretty_page_3.html,"(undisclosed Address), Bronx, NY 10461","$3,500/mo",2s,[],[],https://www.zillow.com/homedetails/Bronx-NY-10461/339960053_zpid/
pretty_page_3.html,"(undisclosed Address), Bronx, NY 10461","$3,500/mo",2s,1,[],https://www.zillow.com/homedetails/Bronx-NY-10461/339960053_zpid/
pretty_page_3.html,"(undisclosed Address), Bronx, NY 10461","$3,500/mo",2s,1,--,https://www.zillow.com/homedetails/Bronx-NY-10461/339960053_zpid/
pretty_page_3.html,"(undisclosed Address), Bronx, NY 10461","$3,500/mo",2s,[],[],https://www.zillow.com/homedetails/Bronx-NY-10461/339960053_zpid/
pretty_page_3.html,"(undisclosed Address), Bronx, NY 10461","$3,500/mo",2s,1,[],https://www.zillow.com/homedetails/Bronx-NY-10461/339960053_zpid/
pretty_page_3.html,"(undisclosed Address), Bronx, NY 10461","$3,500/mo",2s,1,--,https://www.zillow.com/homedetails/Bronx-NY-10461/339960053_zpid/
pretty_page_3.html,"(undisclosed Address), Bronx, NY 10461","$3,500/mo",1,[],[],https://www.zillow.com/homedetails/Bronx-NY-10461/339960053_zpid/
pretty_page_3.html,"(undisclosed Address), Bronx, NY 10461","$3,500/mo",1,1,[],https://www.zillow.com/homedetails/Bronx-NY-10461/339960053_zpid/
pretty_page_3.html,"(undisclosed Address), Bronx, NY 10461","$3,500/mo",1,1,800,https://www.zillow.com/homedetails/Bronx-NY-10461/339960053_zpid/
pretty_page_3.html,"(undisclosed Address), Bronx, NY 10461","$3,500/mo",[],[],[],https://www.zillow.com/homedetails/Bronx-NY-10461/339960053_zpid/
pretty_page_3.html,"(undisclosed Address), Bronx, NY 10461","$3,500/mo",[],1,[],https://www.zillow.com/homedetails/Bronx-NY-10461/339960053_zpid/
pretty_page_3.html,"(undisclosed Address), Bronx, NY 10461","$3,500/mo",[],1,450,https://www.zillow.com/homedetails/Bronx-NY-10461/339960053_zpid/
pretty_page_3.html,"(undisclosed Address), Bronx, NY 10461","$3,500/mo",3s,[],[],https://www.zillow.com/homedetails/Bronx-NY-10461/339960053_zpid/
pretty_page_3.html,"(undisclosed Address), Bronx, NY 10461","$3,500/mo",3s,2,[],https://www.zillow.com/homedetails/Bronx-NY-10461/339960053_zpid/
pretty_page_3.html,"(undisclosed Address), Bronx, NY 10461","$3,500/mo",3s,2,--,https://www.zillow.com/homedetails/Bronx-NY-10461/339960053_zpid/
pretty_page_3.html,"(undisclosed Address), Bronx, NY 10461","$3,500/mo",4s,[],[],https://www.zillow.com/homedetails/Bronx-NY-10461/339960053_zpid/
pretty_page_3.html,"(undisclosed Address), Bronx, NY 10461","$3,500/mo",4s,1,[],https://www.zillow.com/homedetails/Bronx-NY-10461/339960053_zpid/
pretty_page_3.html,"(undisclosed Address), Bronx, NY 10461","$3,500/mo",4s,1,--,https://www.zillow.com/homedetails/Bronx-NY-10461/339960053_zpid/
pretty_page_3.html,"(undisclosed Address), Bronx, NY 10461","$3,500/mo",[],[],[],https://www.zillow.com/homedetails/Bronx-NY-10461/339960053_zpid/
pretty_page_3.html,"(undisclosed Address), Bronx, NY 10461","$3,500/mo",[],1,[],https://www.zillow.com/homedetails/Bronx-NY-10461/339960053_zpid/
pretty_page_3.html,"(undisclosed Address), Bronx, NY 10461","$3,500/mo",[],1,--,https://www.zillow.com/homedetails/Bronx-NY-10461/339960053_zpid/
pretty_page_3.html,"(undisclosed Address), Bronx, NY 10461","$3,500/mo",4s,[],[],https://www.zillow.com/homedetails/Bronx-NY-10461/339960053_zpid/
pretty_page_3.html,"(undisclosed Address), Bronx, NY 10461","$3,500/mo",4s,2,[],https://www.zillow.com/homedetails/Bronx-NY-10461/339960053_zpid/
pretty_page_3.html,"(undisclosed Address), Bronx, NY 10461","$3,500/mo",4s,2,"1,700",https://www.zillow.com/homedetails/Bronx-NY-10461/339960053_zpid/
pretty_page_13.html,"202 6th Ave APT 5B, New York, NY 10013","$3,095/mo",1,[],[],https://www.zillow.com/homedetails/202-6th-Ave-APT-5B-New-York-NY-10013/2112270911_zpid/
pretty_page_13.html,"202 6th Ave APT 5B, New York, NY 10013","$3,095/mo",1,1,[],https://www.zillow.com/homedetails/202-6th-Ave-APT-5B-New-York-NY-10013/2112270911_zpid/
pretty_page_13.html,"202 6th Ave APT 5B, New York, NY 10013","$3,095/mo",1,1,--,https://www.zillow.com/homedetails/202-6th-Ave-APT-5B-New-York-NY-10013/2112270911_zpid/
pretty_page_13.html,"202 6th Ave APT 5B, New York, NY 10013","$3,095/mo",2s,[],[],https://www.zillow.com/homedetails/202-6th-Ave-APT-5B-New-York-NY-10013/2112270911_zpid/
pretty_page_13.html,"202 6th Ave APT 5B, New York, NY 10013","$3,095/mo",2s,1,[],https://www.zillow.com/homedetails/202-6th-Ave-APT-5B-New-York-NY-10013/2112270911_zpid/
pretty_page_13.html,"202 6th Ave APT 5B, New York, NY 10013","$3,095/mo",2s,1,--,https://www.zillow.com/homedetails/202-6th-Ave-APT-5B-New-York-NY-10013/2112270911_zpid/
pretty_page_13.html,"202 6th Ave APT 5B, New York, NY 10013","$3,095/mo",1,[],[],https://www.zillow.com/homedetails/202-6th-Ave-APT-5B-New-York-NY-10013/2112270911_zpid/
pretty_page_13.html,"202 6th Ave APT 5B, New York, NY 10013","$3,095/mo",1,1,[],https://www.zillow.com/homedetails/202-6th-Ave-APT-5B-New-York-NY-10013/2112270911_zpid/
pretty_page_13.html,"202 6th Ave APT 5B, New York, NY 10013","$3,095/mo",1,1,700,https://www.zillow.com/homedetails/202-6th-Ave-APT-5B-New-York-NY-10013/2112270911_zpid/
pretty_page_13.html,"202 6th Ave APT 5B, New York, NY 10013","$3,095/mo",1,[],[],https://www.zillow.com/homedetails/202-6th-Ave-APT-5B-New-York-NY-10013/2112270911_zpid/
pretty_page_13.html,"202 6th Ave APT 5B, New York, NY 10013","$3,095/mo",1,1,[],https://www.zillow.com/homedetails/202-6th-Ave-APT-5B-New-York-NY-10013/2112270911_zpid/
pretty_page_13.html,"202 6th Ave APT 5B, New York, NY 10013","$3,095/mo",1,1,--,https://www.zillow.com/homedetails/202-6th-Ave-APT-5B-New-York-NY-10013/2112270911_zpid/
pretty_page_13.html,"202 6th Ave APT 5B, New York, NY 10013","$3,095/mo",[],[],[],https://www.zillow.com/homedetails/202-6th-Ave-APT-5B-New-York-NY-10013/2112270911_zpid/
pretty_page_13.html,"202 6th Ave APT 5B, New York, NY 10013","$3,095/mo",[],1,[],https://www.zillow.com/homedetails/202-6th-Ave-APT-5B-New-York-NY-10013/2112270911_zpid/
pretty_page_13.html,"202 6th Ave APT 5B, New York, NY 10013","$3,095/mo",[],1,--,https://www.zillow.com/homedetails/202-6th-Ave-APT-5B-New-York-NY-10013/2112270911_zpid/
pretty_page_13.html,"202 6th Ave APT 5B, New York, NY 10013","$3,095/mo",1,[],[],https://www.zillow.com/homedetails/202-6th-Ave-APT-5B-New-York-NY-10013/2112270911_zpid/
pretty_page_13.html,"202 6th Ave APT 5B, New York, NY 10013","$3,095/mo",1,1,[],https://www.zillow.com/homedetails/202-6th-Ave-APT-5B-New-York-NY-10013/2112270911_zpid/
pretty_page_13.html,"202 6th Ave APT 5B, New York, NY 10013","$3,095/mo",1,1,--,https://www.zillow.com/homedetails/202-6th-Ave-APT-5B-New-York-NY-10013/2112270911_zpid/
pretty_page_13.html,"202 6th Ave APT 5B, New York, NY 10013","$3,095/mo",[],[],[],https://www.zillow.com/homedetails/202-6th-Ave-APT-5B-New-York-NY-10013/2112270911_zpid/
pretty_page_13.html,"202 6th Ave APT 5B, New York, NY 10013","$3,095/mo",[],1,[],https://www.zillow.com/homedetails/202-6th-Ave-APT-5B-New-York-NY-10013/2112270911_zpid/
pretty_page_13.html,"202 6th Ave APT 5B, New York, NY 10013","$3,095/mo",[],1,--,https://www.zillow.com/homedetails/202-6th-Ave-APT-5B-New-York-NY-10013/2112270911_zpid/
pretty_page_13.html,"202 6th Ave APT 5B, New York, NY 10013","$3,095/mo",4s,[],[],https://www.zillow.com/homedetails/202-6th-Ave-APT-5B-New-York-NY-10013/2112270911_zpid/
pretty_page_13.html,"202 6th Ave APT 5B, New York, NY 10013","$3,095/mo",4s,1,[],https://www.zillow.com/homedetails/202-6th-Ave-APT-5B-New-York-NY-10013/2112270911_zpid/
pretty_page_13.html,"202 6th Ave APT 5B, New York, NY 10013","$3,095/mo",4s,1,--,https://www.zillow.com/homedetails/202-6th-Ave-APT-5B-New-York-NY-10013/2112270911_zpid/
pretty_page_13.html,"202 6th Ave APT 5B, New York, NY 10013","$3,095/mo",[],[],[],https://www.zillow.com/homedetails/202-6th-Ave-APT-5B-New-York-NY-10013/2112270911_zpid/
pretty_page_13.html,"202 6th Ave APT 5B, New York, NY 10013","$3,095/mo",[],1,[],https://www.zillow.com/homedetails/202-6th-Ave-APT-5B-New-York-NY-10013/2112270911_zpid/
pretty_page_13.html,"202 6th Ave APT 5B, New York, NY 10013","$3,095/mo",[],1,--,https://www.zillow.com/homedetails/202-6th-Ave-APT-5B-New-York-NY-10013/2112270911_zpid/
pretty_page_10.html,"773 E 32nd St #5, Brooklyn, NY 11210","$3,200/mo",1,[],[],https://www.zillow.com/homedetails/773-E-32nd-St-5-Brooklyn-NY-11210/2061146994_zpid/
pretty_page_10.html,"773 E 32nd St #5, Brooklyn, NY 11210","$3,200/mo",1,1,[],https://www.zillow.com/homedetails/773-E-32nd-St-5-Brooklyn-NY-11210/2061146994_zpid/
pretty_page_10.html,"773 E 32nd St #5, Brooklyn, NY 11210","$3,200/mo",1,1,--,https://www.zillow.com/homedetails/773-E-32nd-St-5-Brooklyn-NY-11210/2061146994_zpid/
pretty_page_10.html,"773 E 32nd St #5, Brooklyn, NY 11210","$3,200/mo",[],[],[],https://www.zillow.com/homedetails/773-E-32nd-St-5-Brooklyn-NY-11210/2061146994_zpid/
pretty_page_10.html,"773 E 32nd St #5, Brooklyn, NY 11210","$3,200/mo",[],1,[],https://www.zillow.com/homedetails/773-E-32nd-St-5-Brooklyn-NY-11210/2061146994_zpid/
pretty_page_10.html,"773 E 32nd St #5, Brooklyn, NY 11210","$3,200/mo",[],1,--,https://www.zillow.com/homedetails/773-E-32nd-St-5-Brooklyn-NY-11210/2061146994_zpid/
pretty_page_10.html,"773 E 32nd St #5, Brooklyn, NY 11210","$3,200/mo",1,[],[],https://www.zillow.com/homedetails/773-E-32nd-St-5-Brooklyn-NY-11210/2061146994_zpid/
pretty_page_10.html,"773 E 32nd St #5, Brooklyn, NY 11210","$3,200/mo",1,1,[],https://www.zillow.com/homedetails/773-E-32nd-St-5-Brooklyn-NY-11210/2061146994_zpid/
pretty_page_10.html,"773 E 32nd St #5, Brooklyn, NY 11210","$3,200/mo",1,1,--,https://www.zillow.com/homedetails/773-E-32nd-St-5-Brooklyn-NY-11210/2061146994_zpid/
pretty_page_10.html,"773 E 32nd St #5, Brooklyn, NY 11210","$3,200/mo",2s,[],[],https://www.zillow.com/homedetails/773-E-32nd-St-5-Brooklyn-NY-11210/2061146994_zpid/
pretty_page_10.html,"773 E 32nd St #5, Brooklyn, NY 11210","$3,200/mo",2s,2.5,[],https://www.zillow.com/homedetails/773-E-32nd-St-5-Brooklyn-NY-11210/2061146994_zpid/
pretty_page_10.html,"773 E 32nd St #5, Brooklyn, NY 11210","$3,200/mo",2s,2.5,"1,500",https://www.zillow.com/homedetails/773-E-32nd-St-5-Brooklyn-NY-11210/2061146994_zpid/
pretty_page_10.html,"773 E 32nd St #5, Brooklyn, NY 11210","$3,200/mo",2s,[],[],https://www.zillow.com/homedetails/773-E-32nd-St-5-Brooklyn-NY-11210/2061146994_zpid/
pretty_page_10.html,"773 E 32nd St #5, Brooklyn, NY 11210","$3,200/mo",2s,1,[],https://www.zillow.com/homedetails/773-E-32nd-St-5-Brooklyn-NY-11210/2061146994_zpid/
pretty_page_10.html,"773 E 32nd St #5, Brooklyn, NY 11210","$3,200/mo",2s,1,--,https://www.zillow.com/homedetails/773-E-32nd-St-5-Brooklyn-NY-11210/2061146994_zpid/
pretty_page_10.html,"773 E 32nd St #5, Brooklyn, NY 11210","$3,200/mo",1,[],[],https://www.zillow.com/homedetails/773-E-32nd-St-5-Brooklyn-NY-11210/2061146994_zpid/
pretty_page_10.html,"773 E 32nd St #5, Brooklyn, NY 11210","$3,200/mo",1,1,[],https://www.zillow.com/homedetails/773-E-32nd-St-5-Brooklyn-NY-11210/2061146994_zpid/
pretty_page_10.html,"773 E 32nd St #5, Brooklyn, NY 11210","$3,200/mo",1,1,--,https://www.zillow.com/homedetails/773-E-32nd-St-5-Brooklyn-NY-11210/2061146994_zpid/
pretty_page_10.html,"773 E 32nd St #5, Brooklyn, NY 11210","$3,200/mo","$8,450+2 s",[],[],https://www.zillow.com/homedetails/773-E-32nd-St-5-Brooklyn-NY-11210/2061146994_zpid/
pretty_page_10.html,"773 E 32nd St #5, Brooklyn, NY 11210","$3,200/mo",2s,[],[],https://www.zillow.com/homedetails/773-E-32nd-St-5-Brooklyn-NY-11210/2061146994_zpid/
pretty_page_10.html,"773 E 32nd St #5, Brooklyn, NY 11210","$3,200/mo",2s,2,[],https://www.zillow.com/homedetails/773-E-32nd-St-5-Brooklyn-NY-11210/2061146994_zpid/
pretty_page_10.html,"773 E 32nd St #5, Brooklyn, NY 11210","$3,200/mo",2s,2,--,https://www.zillow.com/homedetails/773-E-32nd-St-5-Brooklyn-NY-11210/2061146994_zpid/
pretty_page_1.html,"The 88 | 15310 88th Ave, Jamaica, NY","$3,200+ 1 bd","$2,750+1",[],[],"/b/building/40.70628,-73.80358_ll/"
pretty_page_1.html,"The 88 | 15310 88th Ave, Jamaica, NY","$3,200+ 1 bd","$3,500+2 s",[],[],"/b/building/40.70628,-73.80358_ll/"
pretty_page_1.html,"The 88 | 15310 88th Ave, Jamaica, NY","$3,200+ 1 bd","$3,099+2 s",[],[],"/b/building/40.70628,-73.80358_ll/"
pretty_page_1.html,"The 88 | 15310 88th Ave, Jamaica, NY","$3,200+ 1 bd","$3,050+1",[],[],"/b/building/40.70628,-73.80358_ll/"
pretty_page_1.html,"The 88 | 15310 88th Ave, Jamaica, NY","$3,200+ 1 bd","$3,825+2 s",[],[],"/b/building/40.70628,-73.80358_ll/"
pretty_page_1.html,"The 88 | 15310 88th Ave, Jamaica, NY","$3,200+ 1 bd","$6,245+3 s",[],[],"/b/building/40.70628,-73.80358_ll/"
pretty_page_1.html,"The 88 | 15310 88th Ave, Jamaica, NY","$3,200+ 1 bd","$2,668+1",[],[],"/b/building/40.70628,-73.80358_ll/"
pretty_page_1.html,"The 88 | 15310 88th Ave, Jamaica, NY","$3,200+ 1 bd","$3,100+2 s",[],[],"/b/building/40.70628,-73.80358_ll/"
pretty_page_1.html,"The 88 | 15310 88th Ave, Jamaica, NY","$3,200+ 1 bd","$2,558+1",[],[],"/b/building/40.70628,-73.80358_ll/"
pretty_page_1.html,"The 88 | 15310 88th Ave, Jamaica, NY","$3,200+ 1 bd","$2,994+2 s",[],[],"/b/building/40.70628,-73.80358_ll/"
pretty_page_1.html,"The 88 | 15310 88th Ave, Jamaica, NY","$3,200+ 1 bd","$5,291+1",[],[],"/b/building/40.70628,-73.80358_ll/"
pretty_page_1.html,"The 88 | 15310 88th Ave, Jamaica, NY","$3,200+ 1 bd","$8,361+2 s",[],[],"/b/building/40.70628,-73.80358_ll/"
pretty_page_1.html,"The 88 | 15310 88th Ave, Jamaica, NY","$3,200+ 1 bd","$3,995+2 s",[],[],"/b/building/40.70628,-73.80358_ll/"
pretty_page_1.html,"The 88 | 15310 88th Ave, Jamaica, NY","$3,200+ 1 bd","$4,400+1",[],[],"/b/building/40.70628,-73.80358_ll/"
pretty_page_1.html,"The 88 | 15310 88th Ave, Jamaica, NY","$3,200+ 1 bd","$6,325+2 s",[],[],"/b/building/40.70628,-73.80358_ll/"
pretty_page_1.html,"The 88 | 15310 88th Ave, Jamaica, NY","$3,200+ 1 bd","$8,800+3 s",[],[],"/b/building/40.70628,-73.80358_ll/"
pretty_page_11.html,"460 W 23rd St APT 3A, New York, NY 10011","$4,250/mo",3s,[],[],https://www.zillow.com/homedetails/460-W-23rd-St-APT-3A-New-York-NY-10011/124848859_zpid/
pretty_page_11.html,"460 W 23rd St APT 3A, New York, NY 10011","$4,250/mo",3s,1,[],https://www.zillow.com/homedetails/460-W-23rd-St-APT-3A-New-York-NY-10011/124848859_zpid/
pretty_page_11.html,"460 W 23rd St APT 3A, New York, NY 10011","$4,250/mo",3s,1,--,https://www.zillow.com/homedetails/460-W-23rd-St-APT-3A-New-York-NY-10011/124848859_zpid/
pretty_page_11.html,"460 W 23rd St APT 3A, New York, NY 10011","$4,250/mo","$2,900+2 s",[],[],https://www.zillow.com/homedetails/460-W-23rd-St-APT-3A-New-York-NY-10011/124848859_zpid/
pretty_page_11.html,"460 W 23rd St APT 3A, New York, NY 10011","$4,250/mo",3s,[],[],https://www.zillow.com/homedetails/460-W-23rd-St-APT-3A-New-York-NY-10011/124848859_zpid/
pretty_page_11.html,"460 W 23rd St APT 3A, New York, NY 10011","$4,250/mo",3s,2,[],https://www.zillow.com/homedetails/460-W-23rd-St-APT-3A-New-York-NY-10011/124848859_zpid/
pretty_page_11.html,"460 W 23rd St APT 3A, New York, NY 10011","$4,250/mo",3s,2,--,https://www.zillow.com/homedetails/460-W-23rd-St-APT-3A-New-York-NY-10011/124848859_zpid/
pretty_page_11.html,"460 W 23rd St APT 3A, New York, NY 10011","$4,250/mo",2s,[],[],https://www.zillow.com/homedetails/460-W-23rd-St-APT-3A-New-York-NY-10011/124848859_zpid/
pretty_page_11.html,"460 W 23rd St APT 3A, New York, NY 10011","$4,250/mo",2s,2,[],https://www.zillow.com/homedetails/460-W-23rd-St-APT-3A-New-York-NY-10011/124848859_zpid/
pretty_page_11.html,"460 W 23rd St APT 3A, New York, NY 10011","$4,250/mo",2s,2,--,https://www.zillow.com/homedetails/460-W-23rd-St-APT-3A-New-York-NY-10011/124848859_zpid/
pretty_page_11.html,"460 W 23rd St APT 3A, New York, NY 10011","$4,250/mo",2s,[],[],https://www.zillow.com/homedetails/460-W-23rd-St-APT-3A-New-York-NY-10011/124848859_zpid/
pretty_page_11.html,"460 W 23rd St APT 3A, New York, NY 10011","$4,250/mo",2s,2,[],https://www.zillow.com/homedetails/460-W-23rd-St-APT-3A-New-York-NY-10011/124848859_zpid/
pretty_page_11.html,"460 W 23rd St APT 3A, New York, NY 10011","$4,250/mo",2s,2,--,https://www.zillow.com/homedetails/460-W-23rd-St-APT-3A-New-York-NY-10011/124848859_zpid/
pretty_page_11.html,"460 W 23rd St APT 3A, New York, NY 10011","$4,250/mo","$1,950+1",[],[],https://www.zillow.com/homedetails/460-W-23rd-St-APT-3A-New-York-NY-10011/124848859_zpid/
pretty_page_11.html,"460 W 23rd St APT 3A, New York, NY 10011","$4,250/mo",1,[],[],https://www.zillow.com/homedetails/460-W-23rd-St-APT-3A-New-York-NY-10011/124848859_zpid/
pretty_page_11.html,"460 W 23rd St APT 3A, New York, NY 10011","$4,250/mo",1,1,[],https://www.zillow.com/homedetails/460-W-23rd-St-APT-3A-New-York-NY-10011/124848859_zpid/
pretty_page_11.html,"460 W 23rd St APT 3A, New York, NY 10011","$4,250/mo",1,1,--,https://www.zillow.com/homedetails/460-W-23rd-St-APT-3A-New-York-NY-10011/124848859_zpid/
pretty_page_20.html,"65-23 Dieterle Cres FLOOR 2, Rego Park, NY 11374","$3,150/mo","$3,695+1",[],[],https://www.zillow.com/homedetails/65-23-Dieterle-Cres-FLOOR-2-Rego-Park-NY-11374/2055092614_zpid/
pretty_page_20.html,"65-23 Dieterle Cres FLOOR 2, Rego Park, NY 11374","$3,150/mo","$5,285+3 s",[],[],https://www.zillow.com/homedetails/65-23-Dieterle-Cres-FLOOR-2-Rego-Park-NY-11374/2055092614_zpid/
pretty_page_20.html,"65-23 Dieterle Cres FLOOR 2, Rego Park, NY 11374","$3,150/mo","$5,200+3 s",[],[],https://www.zillow.com/homedetails/65-23-Dieterle-Cres-FLOOR-2-Rego-Park-NY-11374/2055092614_zpid/
pretty_page_20.html,"65-23 Dieterle Cres FLOOR 2, Rego Park, NY 11374","$3,150/mo",1,[],[],https://www.zillow.com/homedetails/65-23-Dieterle-Cres-FLOOR-2-Rego-Park-NY-11374/2055092614_zpid/
pretty_page_20.html,"65-23 Dieterle Cres FLOOR 2, Rego Park, NY 11374","$3,150/mo",1,1,[],https://www.zillow.com/homedetails/65-23-Dieterle-Cres-FLOOR-2-Rego-Park-NY-11374/2055092614_zpid/
pretty_page_20.html,"65-23 Dieterle Cres FLOOR 2, Rego Park, NY 11374","$3,150/mo",1,1,--,https://www.zillow.com/homedetails/65-23-Dieterle-Cres-FLOOR-2-Rego-Park-NY-11374/2055092614_zpid/
pretty_page_20.html,"65-23 Dieterle Cres FLOOR 2, Rego Park, NY 11374","$3,150/mo",2s,[],[],https://www.zillow.com/homedetails/65-23-Dieterle-Cres-FLOOR-2-Rego-Park-NY-11374/2055092614_zpid/
pretty_page_20.html,"65-23 Dieterle Cres FLOOR 2, Rego Park, NY 11374","$3,150/mo",2s,1,[],https://www.zillow.com/homedetails/65-23-Dieterle-Cres-FLOOR-2-Rego-Park-NY-11374/2055092614_zpid/
pretty_page_20.html,"65-23 Dieterle Cres FLOOR 2, Rego Park, NY 11374","$3,150/mo",2s,1,--,https://www.zillow.com/homedetails/65-23-Dieterle-Cres-FLOOR-2-Rego-Park-NY-11374/2055092614_zpid/
pretty_page_20.html,"65-23 Dieterle Cres FLOOR 2, Rego Park, NY 11374","$3,150/mo",2s,[],[],https://www.zillow.com/homedetails/65-23-Dieterle-Cres-FLOOR-2-Rego-Park-NY-11374/2055092614_zpid/
pretty_page_20.html,"65-23 Dieterle Cres FLOOR 2, Rego Park, NY 11374","$3,150/mo",2s,1,[],https://www.zillow.com/homedetails/65-23-Dieterle-Cres-FLOOR-2-Rego-Park-NY-11374/2055092614_zpid/
pretty_page_20.html,"65-23 Dieterle Cres FLOOR 2, Rego Park, NY 11374","$3,150/mo",2s,1,910,https://www.zillow.com/homedetails/65-23-Dieterle-Cres-FLOOR-2-Rego-Park-NY-11374/2055092614_zpid/
pretty_page_20.html,"65-23 Dieterle Cres FLOOR 2, Rego Park, NY 11374","$3,150/mo","$3,450+3 s",[],[],https://www.zillow.com/homedetails/65-23-Dieterle-Cres-FLOOR-2-Rego-Park-NY-11374/2055092614_zpid/
pretty_page_20.html,"65-23 Dieterle Cres FLOOR 2, Rego Park, NY 11374","$3,150/mo",1,[],[],https://www.zillow.com/homedetails/65-23-Dieterle-Cres-FLOOR-2-Rego-Park-NY-11374/2055092614_zpid/
pretty_page_20.html,"65-23 Dieterle Cres FLOOR 2, Rego Park, NY 11374","$3,150/mo",1,1,[],https://www.zillow.com/homedetails/65-23-Dieterle-Cres-FLOOR-2-Rego-Park-NY-11374/2055092614_zpid/
pretty_page_20.html,"65-23 Dieterle Cres FLOOR 2, Rego Park, NY 11374","$3,150/mo",1,1,--,https://www.zillow.com/homedetails/65-23-Dieterle-Cres-FLOOR-2-Rego-Park-NY-11374/2055092614_zpid/
pretty_page_20.html,"65-23 Dieterle Cres FLOOR 2, Rego Park, NY 11374","$3,150/mo",2s,[],[],https://www.zillow.com/homedetails/65-23-Dieterle-Cres-FLOOR-2-Rego-Park-NY-11374/2055092614_zpid/
pretty_page_20.html,"65-23 Dieterle Cres FLOOR 2, Rego Park, NY 11374","$3,150/mo",2s,1,[],https://www.zillow.com/homedetails/65-23-Dieterle-Cres-FLOOR-2-Rego-Park-NY-11374/2055092614_zpid/
pretty_page_20.html,"65-23 Dieterle Cres FLOOR 2, Rego Park, NY 11374","$3,150/mo",2s,1,"1,200",https://www.zillow.com/homedetails/65-23-Dieterle-Cres-FLOOR-2-Rego-Park-NY-11374/2055092614_zpid/
pretty_page_6.html,"85 Poughkeepsie Ct #BASEMENT, Staten Island, NY 10312","$2,300/mo",1,[],[],https://www.zillow.com/homedetails/85-Poughkeepsie-Ct-BASEMENT-Staten-Island-NY-10312/340026855_zpid/
pretty_page_6.html,"85 Poughkeepsie Ct #BASEMENT, Staten Island, NY 10312","$2,300/mo",1,1,[],https://www.zillow.com/homedetails/85-Poughkeepsie-Ct-BASEMENT-Staten-Island-NY-10312/340026855_zpid/
pretty_page_6.html,"85 Poughkeepsie Ct #BASEMENT, Staten Island, NY 10312","$2,300/mo",1,1,--,https://www.zillow.com/homedetails/85-Poughkeepsie-Ct-BASEMENT-Staten-Island-NY-10312/340026855_zpid/
pretty_page_6.html,"85 Poughkeepsie Ct #BASEMENT, Staten Island, NY 10312","$2,300/mo",3s,[],[],https://www.zillow.com/homedetails/85-Poughkeepsie-Ct-BASEMENT-Staten-Island-NY-10312/340026855_zpid/
pretty_page_6.html,"85 Poughkeepsie Ct #BASEMENT, Staten Island, NY 10312","$2,300/mo",3s,1,[],https://www.zillow.com/homedetails/85-Poughkeepsie-Ct-BASEMENT-Staten-Island-NY-10312/340026855_zpid/
pretty_page_6.html,"85 Poughkeepsie Ct #BASEMENT, Staten Island, NY 10312","$2,300/mo",3s,1,800,https://www.zillow.com/homedetails/85-Poughkeepsie-Ct-BASEMENT-Staten-Island-NY-10312/340026855_zpid/
pretty_page_6.html,"85 Poughkeepsie Ct #BASEMENT, Staten Island, NY 10312","$2,300/mo",1,[],[],https://www.zillow.com/homedetails/85-Poughkeepsie-Ct-BASEMENT-Staten-Island-NY-10312/340026855_zpid/
pretty_page_6.html,"85 Poughkeepsie Ct #BASEMENT, Staten Island, NY 10312","$2,300/mo",1,1,[],https://www.zillow.com/homedetails/85-Poughkeepsie-Ct-BASEMENT-Staten-Island-NY-10312/340026855_zpid/
pretty_page_6.html,"85 Poughkeepsie Ct #BASEMENT, Staten Island, NY 10312","$2,300/mo",1,1,830,https://www.zillow.com/homedetails/85-Poughkeepsie-Ct-BASEMENT-Staten-Island-NY-10312/340026855_zpid/
pretty_page_6.html,"85 Poughkeepsie Ct #BASEMENT, Staten Island, NY 10312","$2,300/mo",1,[],[],https://www.zillow.com/homedetails/85-Poughkeepsie-Ct-BASEMENT-Staten-Island-NY-10312/340026855_zpid/
pretty_page_6.html,"85 Poughkeepsie Ct #BASEMENT, Staten Island, NY 10312","$2,300/mo",1,1,[],https://www.zillow.com/homedetails/85-Poughkeepsie-Ct-BASEMENT-Staten-Island-NY-10312/340026855_zpid/
pretty_page_6.html,"85 Poughkeepsie Ct #BASEMENT, Staten Island, NY 10312","$2,300/mo",1,1,--,https://www.zillow.com/homedetails/85-Poughkeepsie-Ct-BASEMENT-Staten-Island-NY-10312/340026855_zpid/
pretty_page_6.html,"85 Poughkeepsie Ct #BASEMENT, Staten Island, NY 10312","$2,300/mo",1,[],[],https://www.zillow.com/homedetails/85-Poughkeepsie-Ct-BASEMENT-Staten-Island-NY-10312/340026855_zpid/
pretty_page_6.html,"85 Poughkeepsie Ct #BASEMENT, Staten Island, NY 10312","$2,300/mo",1,1,[],https://www.zillow.com/homedetails/85-Poughkeepsie-Ct-BASEMENT-Staten-Island-NY-10312/340026855_zpid/
pretty_page_6.html,"85 Poughkeepsie Ct #BASEMENT, Staten Island, NY 10312","$2,300/mo",1,1,750,https://www.zillow.com/homedetails/85-Poughkeepsie-Ct-BASEMENT-Staten-Island-NY-10312/340026855_zpid/
pretty_page_6.html,"85 Poughkeepsie Ct #BASEMENT, Staten Island, NY 10312","$2,300/mo",3s,[],[],https://www.zillow.com/homedetails/85-Poughkeepsie-Ct-BASEMENT-Staten-Island-NY-10312/340026855_zpid/
pretty_page_6.html,"85 Poughkeepsie Ct #BASEMENT, Staten Island, NY 10312","$2,300/mo",3s,1,[],https://www.zillow.com/homedetails/85-Poughkeepsie-Ct-BASEMENT-Staten-Island-NY-10312/340026855_zpid/
pretty_page_6.html,"85 Poughkeepsie Ct #BASEMENT, Staten Island, NY 10312","$2,300/mo",3s,1,--,https://www.zillow.com/homedetails/85-Poughkeepsie-Ct-BASEMENT-Staten-Island-NY-10312/340026855_zpid/
pretty_page_6.html,"85 Poughkeepsie Ct #BASEMENT, Staten Island, NY 10312","$2,300/mo",2s,[],[],https://www.zillow.com/homedetails/85-Poughkeepsie-Ct-BASEMENT-Staten-Island-NY-10312/340026855_zpid/
pretty_page_6.html,"85 Poughkeepsie Ct #BASEMENT, Staten Island, NY 10312","$2,300/mo",2s,1,[],https://www.zillow.com/homedetails/85-Poughkeepsie-Ct-BASEMENT-Staten-Island-NY-10312/340026855_zpid/
pretty_page_6.html,"85 Poughkeepsie Ct #BASEMENT, Staten Island, NY 10312","$2,300/mo",2s,1,--,https://www.zillow.com/homedetails/85-Poughkeepsie-Ct-BASEMENT-Staten-Island-NY-10312/340026855_zpid/
pretty_page_6.html,"85 Poughkeepsie Ct #BASEMENT, Staten Island, NY 10312","$2,300/mo",1,[],[],https://www.zillow.com/homedetails/85-Poughkeepsie-Ct-BASEMENT-Staten-Island-NY-10312/340026855_zpid/
pretty_page_6.html,"85 Poughkeepsie Ct #BASEMENT, Staten Island, NY 10312","$2,300/mo",1,1,[],https://www.zillow.com/homedetails/85-Poughkeepsie-Ct-BASEMENT-Staten-Island-NY-10312/340026855_zpid/
pretty_page_6.html,"85 Poughkeepsie Ct #BASEMENT, Staten Island, NY 10312","$2,300/mo",1,1,--,https://www.zillow.com/homedetails/85-Poughkeepsie-Ct-BASEMENT-Staten-Island-NY-10312/340026855_zpid/
pretty_page_6.html,"85 Poughkeepsie Ct #BASEMENT, Staten Island, NY 10312","$2,300/mo",1,[],[],https://www.zillow.com/homedetails/85-Poughkeepsie-Ct-BASEMENT-Staten-Island-NY-10312/340026855_zpid/
pretty_page_6.html,"85 Poughkeepsie Ct #BASEMENT, Staten Island, NY 10312","$2,300/mo",1,1,[],https://www.zillow.com/homedetails/85-Poughkeepsie-Ct-BASEMENT-Staten-Island-NY-10312/340026855_zpid/
pretty_page_6.html,"85 Poughkeepsie Ct #BASEMENT, Staten Island, NY 10312","$2,300/mo",1,1,"2,000",https://www.zillow.com/homedetails/85-Poughkeepsie-Ct-BASEMENT-Staten-Island-NY-10312/340026855_zpid/
pretty_page_16.html,"345 E 64th St, New York, NY","$3,000+ Studio",2s,[],[],/b/345-e-64th-st-new-york-ny-5XjLyV/
pretty_page_16.html,"345 E 64th St, New York, NY","$3,000+ Studio",2s,1,[],/b/345-e-64th-st-new-york-ny-5XjLyV/
pretty_page_16.html,"345 E 64th St, New York, NY","$3,000+ Studio",2s,1,--,/b/345-e-64th-st-new-york-ny-5XjLyV/
pretty_page_16.html,"345 E 64th St, New York, NY","$3,000+ Studio",2s,[],[],/b/345-e-64th-st-new-york-ny-5XjLyV/
pretty_page_16.html,"345 E 64th St, New York, NY","$3,000+ Studio",2s,1,[],/b/345-e-64th-st-new-york-ny-5XjLyV/
pretty_page_16.html,"345 E 64th St, New York, NY","$3,000+ Studio",2s,1,850,/b/345-e-64th-st-new-york-ny-5XjLyV/
pretty_page_16.html,"345 E 64th St, New York, NY","$3,000+ Studio",[],[],[],/b/345-e-64th-st-new-york-ny-5XjLyV/
pretty_page_16.html,"345 E 64th St, New York, NY","$3,000+ Studio",[],1,[],/b/345-e-64th-st-new-york-ny-5XjLyV/
pretty_page_16.html,"345 E 64th St, New York, NY","$3,000+ Studio",[],1,--,/b/345-e-64th-st-new-york-ny-5XjLyV/
pretty_page_16.html,"345 E 64th St, New York, NY","$3,000+ Studio",1,[],[],/b/345-e-64th-st-new-york-ny-5XjLyV/
pretty_page_16.html,"345 E 64th St, New York, NY","$3,000+ Studio",1,1,[],/b/345-e-64th-st-new-york-ny-5XjLyV/
pretty_page_16.html,"345 E 64th St, New York, NY","$3,000+ Studio",1,1,--,/b/345-e-64th-st-new-york-ny-5XjLyV/
pretty_page_16.html,"345 E 64th St, New York, NY","$3,000+ Studio",2s,[],[],/b/345-e-64th-st-new-york-ny-5XjLyV/
pretty_page_16.html,"345 E 64th St, New York, NY","$3,000+ Studio",2s,1,[],/b/345-e-64th-st-new-york-ny-5XjLyV/
pretty_page_16.html,"345 E 64th St, New York, NY","$3,000+ Studio",2s,1,850,/b/345-e-64th-st-new-york-ny-5XjLyV/
pretty_page_16.html,"345 E 64th St, New York, NY","$3,000+ Studio",2s,[],[],/b/345-e-64th-st-new-york-ny-5XjLyV/
pretty_page_16.html,"345 E 64th St, New York, NY","$3,000+ Studio",2s,1,[],/b/345-e-64th-st-new-york-ny-5XjLyV/
pretty_page_16.html,"345 E 64th St, New York, NY","$3,000+ Studio",2s,1,--,/b/345-e-64th-st-new-york-ny-5XjLyV/
pretty_page_16.html,"345 E 64th St, New York, NY","$3,000+ Studio",2s,[],[],/b/345-e-64th-st-new-york-ny-5XjLyV/
pretty_page_16.html,"345 E 64th St, New York, NY","$3,000+ Studio",2s,1,[],/b/345-e-64th-st-new-york-ny-5XjLyV/
pretty_page_16.html,"345 E 64th St, New York, NY","$3,000+ Studio",2s,1,--,/b/345-e-64th-st-new-york-ny-5XjLyV/
pretty_page_16.html,"345 E 64th St, New York, NY","$3,000+ Studio","$3,400+1",[],[],/b/345-e-64th-st-new-york-ny-5XjLyV/
pretty_page_17.html,"14415 41st Ave, Flushing, NY","$2,000+ 1 bd",2s,[],[],/b/14415-41st-ave-flushing-ny-637sT3/
pretty_page_17.html,"14415 41st Ave, Flushing, NY","$2,000+ 1 bd",2s,1,[],/b/14415-41st-ave-flushing-ny-637sT3/
pretty_page_17.html,"14415 41st Ave, Flushing, NY","$2,000+ 1 bd",2s,1,--,/b/14415-41st-ave-flushing-ny-637sT3/
pretty_page_17.html,"14415 41st Ave, Flushing, NY","$2,000+ 1 bd",1,[],[],/b/14415-41st-ave-flushing-ny-637sT3/
pretty_page_17.html,"14415 41st Ave, Flushing, NY","$2,000+ 1 bd",1,1,[],/b/14415-41st-ave-flushing-ny-637sT3/
pretty_page_17.html,"14415 41st Ave, Flushing, NY","$2,000+ 1 bd",1,1,--,/b/14415-41st-ave-flushing-ny-637sT3/
pretty_page_17.html,"14415 41st Ave, Flushing, NY","$2,000+ 1 bd",2s,[],[],/b/14415-41st-ave-flushing-ny-637sT3/
pretty_page_17.html,"14415 41st Ave, Flushing, NY","$2,000+ 1 bd",2s,1,[],/b/14415-41st-ave-flushing-ny-637sT3/
pretty_page_17.html,"14415 41st Ave, Flushing, NY","$2,000+ 1 bd",2s,1,--,/b/14415-41st-ave-flushing-ny-637sT3/
pretty_page_17.html,"14415 41st Ave, Flushing, NY","$2,000+ 1 bd",1,[],[],/b/14415-41st-ave-flushing-ny-637sT3/
pretty_page_17.html,"14415 41st Ave, Flushing, NY","$2,000+ 1 bd",1,1,[],/b/14415-41st-ave-flushing-ny-637sT3/
pretty_page_17.html,"14415 41st Ave, Flushing, NY","$2,000+ 1 bd",1,1,800,/b/14415-41st-ave-flushing-ny-637sT3/
pretty_page_17.html,"14415 41st Ave, Flushing, NY","$2,000+ 1 bd",2s,[],[],/b/14415-41st-ave-flushing-ny-637sT3/
pretty_page_17.html,"14415 41st Ave, Flushing, NY","$2,000+ 1 bd",2s,1.5,[],/b/14415-41st-ave-flushing-ny-637sT3/
pretty_page_17.html,"14415 41st Ave, Flushing, NY","$2,000+ 1 bd",2s,1.5,"1,500",/b/14415-41st-ave-flushing-ny-637sT3/
pretty_page_17.html,"14415 41st Ave, Flushing, NY","$2,000+ 1 bd",[],[],[],/b/14415-41st-ave-flushing-ny-637sT3/
pretty_page_17.html,"14415 41st Ave, Flushing, NY","$2,000+ 1 bd",[],1,[],/b/14415-41st-ave-flushing-ny-637sT3/
pretty_page_17.html,"14415 41st Ave, Flushing, NY","$2,000+ 1 bd",[],1,--,/b/14415-41st-ave-flushing-ny-637sT3/
pretty_page_17.html,"14415 41st Ave, Flushing, NY","$2,000+ 1 bd",2s,[],[],/b/14415-41st-ave-flushing-ny-637sT3/
pretty_page_17.html,"14415 41st Ave, Flushing, NY","$2,000+ 1 bd",2s,1,[],/b/14415-41st-ave-flushing-ny-637sT3/
pretty_page_17.html,"14415 41st Ave, Flushing, NY","$2,000+ 1 bd",2s,1,--,/b/14415-41st-ave-flushing-ny-637sT3/
pretty_page_17.html,"14415 41st Ave, Flushing, NY","$2,000+ 1 bd",[],[],[],/b/14415-41st-ave-flushing-ny-637sT3/
pretty_page_17.html,"14415 41st Ave, Flushing, NY","$2,000+ 1 bd",[],1,[],/b/14415-41st-ave-flushing-ny-637sT3/
pretty_page_17.html,"14415 41st Ave, Flushing, NY","$2,000+ 1 bd",[],1,--,/b/14415-41st-ave-flushing-ny-637sT3/
pretty_page_17.html,"14415 41st Ave, Flushing, NY","$2,000+ 1 bd","$2,945+2 s",[],[],/b/14415-41st-ave-flushing-ny-637sT3/
pretty_page_7.html,"45 161st St FLOOR 2, Flushing, NY 11358","$2,800/mo",3s,[],[],https://www.zillow.com/homedetails/45-161st-St-FLOOR-2-Flushing-NY-11358/2052935037_zpid/
pretty_page_7.html,"45 161st St FLOOR 2, Flushing, NY 11358","$2,800/mo",3s,1,[],https://www.zillow.com/homedetails/45-161st-St-FLOOR-2-Flushing-NY-11358/2052935037_zpid/
pretty_page_7.html,"45 161st St FLOOR 2, Flushing, NY 11358","$2,800/mo",3s,1,--,https://www.zillow.com/homedetails/45-161st-St-FLOOR-2-Flushing-NY-11358/2052935037_zpid/
pretty_page_7.html,"45 161st St FLOOR 2, Flushing, NY 11358","$2,800/mo",3s,[],[],https://www.zillow.com/homedetails/45-161st-St-FLOOR-2-Flushing-NY-11358/2052935037_zpid/
pretty_page_7.html,"45 161st St FLOOR 2, Flushing, NY 11358","$2,800/mo",3s,1,[],https://www.zillow.com/homedetails/45-161st-St-FLOOR-2-Flushing-NY-11358/2052935037_zpid/
pretty_page_7.html,"45 161st St FLOOR 2, Flushing, NY 11358","$2,800/mo",3s,1,"1,200",https://www.zillow.com/homedetails/45-161st-St-FLOOR-2-Flushing-NY-11358/2052935037_zpid/
pretty_page_7.html,"45 161st St FLOOR 2, Flushing, NY 11358","$2,800/mo",1,[],[],https://www.zillow.com/homedetails/45-161st-St-FLOOR-2-Flushing-NY-11358/2052935037_zpid/
pretty_page_7.html,"45 161st St FLOOR 2, Flushing, NY 11358","$2,800/mo",1,1,[],https://www.zillow.com/homedetails/45-161st-St-FLOOR-2-Flushing-NY-11358/2052935037_zpid/
pretty_page_7.html,"45 161st St FLOOR 2, Flushing, NY 11358","$2,800/mo",1,1,--,https://www.zillow.com/homedetails/45-161st-St-FLOOR-2-Flushing-NY-11358/2052935037_zpid/
pretty_page_7.html,"45 161st St FLOOR 2, Flushing, NY 11358","$2,800/mo",1,[],[],https://www.zillow.com/homedetails/45-161st-St-FLOOR-2-Flushing-NY-11358/2052935037_zpid/
pretty_page_7.html,"45 161st St FLOOR 2, Flushing, NY 11358","$2,800/mo",1,1,[],https://www.zillow.com/homedetails/45-161st-St-FLOOR-2-Flushing-NY-11358/2052935037_zpid/
pretty_page_7.html,"45 161st St FLOOR 2, Flushing, NY 11358","$2,800/mo",1,1,--,https://www.zillow.com/homedetails/45-161st-St-FLOOR-2-Flushing-NY-11358/2052935037_zpid/
pretty_page_7.html,"45 161st St FLOOR 2, Flushing, NY 11358","$2,800/mo",1,[],[],https://www.zillow.com/homedetails/45-161st-St-FLOOR-2-Flushing-NY-11358/2052935037_zpid/
pretty_page_7.html,"45 161st St FLOOR 2, Flushing, NY 11358","$2,800/mo",1,1,[],https://www.zillow.com/homedetails/45-161st-St-FLOOR-2-Flushing-NY-11358/2052935037_zpid/
pretty_page_7.html,"45 161st St FLOOR 2, Flushing, NY 11358","$2,800/mo",1,1,700,https://www.zillow.com/homedetails/45-161st-St-FLOOR-2-Flushing-NY-11358/2052935037_zpid/
pretty_page_7.html,"45 161st St FLOOR 2, Flushing, NY 11358","$2,800/mo","$2,450+2 s",[],[],https://www.zillow.com/homedetails/45-161st-St-FLOOR-2-Flushing-NY-11358/2052935037_zpid/
pretty_page_7.html,"45 161st St FLOOR 2, Flushing, NY 11358","$2,800/mo","$2,400+3 s",[],[],https://www.zillow.com/homedetails/45-161st-St-FLOOR-2-Flushing-NY-11358/2052935037_zpid/
pretty_page_7.html,"45 161st St FLOOR 2, Flushing, NY 11358","$2,800/mo",1,[],[],https://www.zillow.com/homedetails/45-161st-St-FLOOR-2-Flushing-NY-11358/2052935037_zpid/
pretty_page_7.html,"45 161st St FLOOR 2, Flushing, NY 11358","$2,800/mo",1,1,[],https://www.zillow.com/homedetails/45-161st-St-FLOOR-2-Flushing-NY-11358/2052935037_zpid/
pretty_page_7.html,"45 161st St FLOOR 2, Flushing, NY 11358","$2,800/mo",1,1,750,https://www.zillow.com/homedetails/45-161st-St-FLOOR-2-Flushing-NY-11358/2052935037_zpid/
pretty_page_7.html,"45 161st St FLOOR 2, Flushing, NY 11358","$2,800/mo","$3,100+2 s",[],[],https://www.zillow.com/homedetails/45-161st-St-FLOOR-2-Flushing-NY-11358/2052935037_zpid/
pretty_page_7.html,"45 161st St FLOOR 2, Flushing, NY 11358","$2,800/mo",3s,[],[],https://www.zillow.com/homedetails/45-161st-St-FLOOR-2-Flushing-NY-11358/2052935037_zpid/
pretty_page_7.html,"45 161st St FLOOR 2, Flushing, NY 11358","$2,800/mo",3s,2,[],https://www.zillow.com/homedetails/45-161st-St-FLOOR-2-Flushing-NY-11358/2052935037_zpid/
pretty_page_7.html,"45 161st St FLOOR 2, Flushing, NY 11358","$2,800/mo",3s,2,--,https://www.zillow.com/homedetails/45-161st-St-FLOOR-2-Flushing-NY-11358/2052935037_zpid/
